{"loss": 55.95045294353747, "accuracy/action": 0.3413163192040413, "accuracy/on_ground": 0.9473020360540554, "accuracy/has_jump": 0.8975033335897633, "accuracy/has_flip": 0.8896453573351796, "_timestamp": 1674580595.1039193, "_runtime": 229.89793515205383, "_step": 3}